timestamp,index,uuid,power.draw_w,power.limit_w,clocks.sm_mhz,clocks.mem_mhz,utilization.gpu_percent,memory.used_mib,temperature_gpu_c
2026/07/13 20:39:19.117, 1, ${V100_GPU_1_UUID}, 20.82, 150.00, 135, 877, 0, 6, 39
2026/07/13 20:39:19.319, 1, ${V100_GPU_1_UUID}, 20.82, 150.00, 135, 877, 0, 6, 39
2026/07/13 20:39:19.520, 1, ${V100_GPU_1_UUID}, 20.82, 150.00, 135, 877, 0, 6, 39
2026/07/13 20:39:19.722, 1, ${V100_GPU_1_UUID}, 20.82, 150.00, 135, 877, 0, 6, 39
2026/07/13 20:39:19.924, 1, ${V100_GPU_1_UUID}, 20.82, 150.00, 135, 877, 0, 6, 39
2026/07/13 20:39:20.125, 1, ${V100_GPU_1_UUID}, 20.82, 150.00, 135, 877, 0, 6, 39
2026/07/13 20:39:20.327, 1, ${V100_GPU_1_UUID}, 20.82, 150.00, 135, 877, 0, 6, 39
2026/07/13 20:39:20.528, 1, ${V100_GPU_1_UUID}, 20.82, 150.00, 135, 877, 0, 6, 39
2026/07/13 20:39:20.730, 1, ${V100_GPU_1_UUID}, 20.82, 150.00, 135, 877, 0, 6, 39
2026/07/13 20:39:20.932, 1, ${V100_GPU_1_UUID}, 20.82, 150.00, 135, 877, 0, 6, 39
2026/07/13 20:39:21.133, 1, ${V100_GPU_1_UUID}, 20.82, 150.00, 135, 877, 0, 6, 39
2026/07/13 20:39:21.336, 1, ${V100_GPU_1_UUID}, 20.82, 150.00, 135, 877, 0, 6, 39
2026/07/13 20:39:21.538, 1, ${V100_GPU_1_UUID}, 20.82, 150.00, 135, 877, 0, 6, 39
2026/07/13 20:39:21.739, 1, ${V100_GPU_1_UUID}, 20.82, 150.00, 135, 877, 0, 6, 39
2026/07/13 20:39:21.943, 1, ${V100_GPU_1_UUID}, 20.82, 150.00, 135, 877, 0, 6, 39
2026/07/13 20:39:22.144, 1, ${V100_GPU_1_UUID}, 20.82, 150.00, 135, 877, 0, 6, 39
2026/07/13 20:39:22.346, 1, ${V100_GPU_1_UUID}, 20.82, 150.00, 135, 877, 0, 6, 39
2026/07/13 20:39:22.548, 1, ${V100_GPU_1_UUID}, 20.82, 150.00, 135, 877, 0, 6, 39
2026/07/13 20:39:22.749, 1, ${V100_GPU_1_UUID}, 20.82, 150.00, 135, 877, 0, 6, 39
2026/07/13 20:39:22.951, 1, ${V100_GPU_1_UUID}, 20.82, 150.00, 135, 877, 0, 6, 39
2026/07/13 20:39:23.153, 1, ${V100_GPU_1_UUID}, 20.82, 150.00, 135, 877, 0, 6, 39
2026/07/13 20:39:23.355, 1, ${V100_GPU_1_UUID}, 20.82, 150.00, 135, 877, 0, 6, 39
2026/07/13 20:39:23.556, 1, ${V100_GPU_1_UUID}, 20.82, 150.00, 135, 877, 0, 6, 39
2026/07/13 20:39:23.758, 1, ${V100_GPU_1_UUID}, 20.82, 150.00, 135, 877, 0, 6, 39
2026/07/13 20:39:23.959, 1, ${V100_GPU_1_UUID}, 20.82, 150.00, 135, 877, 0, 6, 39
2026/07/13 20:39:24.161, 1, ${V100_GPU_1_UUID}, 20.82, 150.00, 135, 877, 0, 6, 39
2026/07/13 20:39:24.362, 1, ${V100_GPU_1_UUID}, 20.82, 150.00, 135, 877, 0, 6, 39
2026/07/13 20:39:24.564, 1, ${V100_GPU_1_UUID}, 20.82, 150.00, 135, 877, 0, 6, 39
2026/07/13 20:39:24.766, 1, ${V100_GPU_1_UUID}, 20.82, 150.00, 135, 877, 0, 6, 39
2026/07/13 20:39:24.967, 1, ${V100_GPU_1_UUID}, 25.18, 150.00, 1312, 877, 0, 28, 39
2026/07/13 20:39:25.169, 1, ${V100_GPU_1_UUID}, 37.74, 150.00, 1312, 877, 4, 316, 40
2026/07/13 20:39:25.371, 1, ${V100_GPU_1_UUID}, 37.74, 150.00, 1312, 877, 0, 316, 40
2026/07/13 20:39:25.572, 1, ${V100_GPU_1_UUID}, 38.71, 150.00, 1312, 877, 0, 6708, 40
2026/07/13 20:39:25.774, 1, ${V100_GPU_1_UUID}, 42.55, 150.00, 1447, 877, 100, 6708, 40
2026/07/13 20:39:25.975, 1, ${V100_GPU_1_UUID}, 49.80, 150.00, 1530, 877, 99, 6708, 40
2026/07/13 20:39:26.177, 1, ${V100_GPU_1_UUID}, 49.77, 150.00, 1530, 877, 99, 6708, 41
2026/07/13 20:39:26.379, 1, ${V100_GPU_1_UUID}, 49.77, 150.00, 1530, 877, 99, 6708, 41
2026/07/13 20:39:26.581, 1, ${V100_GPU_1_UUID}, 49.77, 150.00, 1530, 877, 99, 6708, 41
2026/07/13 20:39:26.782, 1, ${V100_GPU_1_UUID}, 49.80, 150.00, 1530, 877, 99, 6708, 41
2026/07/13 20:39:26.984, 1, ${V100_GPU_1_UUID}, 49.77, 150.00, 1530, 877, 99, 6708, 41
2026/07/13 20:39:27.186, 1, ${V100_GPU_1_UUID}, 49.77, 150.00, 1530, 877, 99, 6708, 41
2026/07/13 20:39:27.388, 1, ${V100_GPU_1_UUID}, 49.77, 150.00, 1530, 877, 99, 6708, 41
2026/07/13 20:39:27.589, 1, ${V100_GPU_1_UUID}, 49.77, 150.00, 1530, 877, 99, 6708, 41
2026/07/13 20:39:27.791, 1, ${V100_GPU_1_UUID}, 48.84, 150.00, 1530, 877, 7, 7406, 41
2026/07/13 20:39:27.992, 1, ${V100_GPU_1_UUID}, 48.84, 150.00, 1530, 877, 0, 7406, 41
2026/07/13 20:39:28.194, 1, ${V100_GPU_1_UUID}, 48.84, 150.00, 1530, 877, 0, 7406, 41
2026/07/13 20:39:28.397, 1, ${V100_GPU_1_UUID}, 143.62, 150.00, 1072, 877, 31, 7582, 44
2026/07/13 20:39:28.611, 1, ${V100_GPU_1_UUID}, 42.07, 150.00, 1357, 877, 97, 9376, 43
2026/07/13 20:39:28.813, 1, ${V100_GPU_1_UUID}, 142.65, 150.00, 1050, 877, 91, 9376, 44
2026/07/13 20:39:29.014, 1, ${V100_GPU_1_UUID}, 126.58, 150.00, 1102, 877, 100, 9376, 44
2026/07/13 20:39:29.215, 1, ${V100_GPU_1_UUID}, 143.13, 150.00, 1027, 877, 93, 9376, 45
2026/07/13 20:39:29.416, 1, ${V100_GPU_1_UUID}, 148.04, 150.00, 1042, 877, 100, 9376, 45
2026/07/13 20:39:29.618, 1, ${V100_GPU_1_UUID}, 155.52, 150.00, 1027, 877, 93, 9376, 45
2026/07/13 20:39:29.819, 1, ${V100_GPU_1_UUID}, 146.40, 150.00, 1050, 877, 100, 9376, 45
2026/07/13 20:39:30.021, 1, ${V100_GPU_1_UUID}, 215.61, 150.00, 1200, 877, 100, 9376, 45
2026/07/13 20:39:30.222, 1, ${V100_GPU_1_UUID}, 145.54, 150.00, 1065, 877, 93, 9376, 45
2026/07/13 20:39:30.423, 1, ${V100_GPU_1_UUID}, 40.19, 150.00, 1312, 877, 100, 9376, 44
2026/07/13 20:39:30.625, 1, ${V100_GPU_1_UUID}, 149.18, 150.00, 1042, 877, 100, 9376, 46
2026/07/13 20:39:30.829, 1, ${V100_GPU_1_UUID}, 39.19, 150.00, 1312, 877, 100, 9376, 44
2026/07/13 20:39:31.031, 1, ${V100_GPU_1_UUID}, 144.10, 150.00, 1050, 877, 93, 9376, 46
2026/07/13 20:39:31.232, 1, ${V100_GPU_1_UUID}, 65.19, 150.00, 1042, 877, 100, 9376, 46
2026/07/13 20:39:31.433, 1, ${V100_GPU_1_UUID}, 132.00, 150.00, 1020, 877, 100, 9376, 46
2026/07/13 20:39:31.635, 1, ${V100_GPU_1_UUID}, 146.40, 150.00, 1042, 877, 100, 9376, 46
2026/07/13 20:39:31.836, 1, ${V100_GPU_1_UUID}, 47.87, 150.00, 1447, 877, 85, 354, 44
2026/07/13 20:39:32.037, 1, ${V100_GPU_1_UUID}, 49.77, 150.00, 1530, 877, 100, 6, 44
2026/07/13 20:39:32.239, 1, ${V100_GPU_1_UUID}, 49.77, 150.00, 1530, 877, 33, 6, 44
2026/07/13 20:39:32.440, 1, ${V100_GPU_1_UUID}, 49.77, 150.00, 1530, 877, 0, 6, 44
2026/07/13 20:39:32.642, 1, ${V100_GPU_1_UUID}, 49.77, 150.00, 1530, 877, 0, 6, 44
2026/07/13 20:39:32.845, 1, ${V100_GPU_1_UUID}, 49.77, 150.00, 1530, 877, 0, 6, 44
2026/07/13 20:39:33.047, 1, ${V100_GPU_1_UUID}, 49.77, 150.00, 1530, 877, 0, 6, 44
2026/07/13 20:39:33.249, 1, ${V100_GPU_1_UUID}, 49.77, 150.00, 1530, 877, 0, 6, 44
2026/07/13 20:39:33.451, 1, ${V100_GPU_1_UUID}, 49.77, 150.00, 1530, 877, 0, 6, 44
2026/07/13 20:39:33.652, 1, ${V100_GPU_1_UUID}, 49.77, 150.00, 1530, 877, 0, 6, 44
2026/07/13 20:39:33.854, 1, ${V100_GPU_1_UUID}, 49.77, 150.00, 1530, 877, 0, 6, 44
2026/07/13 20:39:34.055, 1, ${V100_GPU_1_UUID}, 49.77, 150.00, 1530, 877, 0, 6, 44
2026/07/13 20:39:34.257, 1, ${V100_GPU_1_UUID}, 49.77, 150.00, 1530, 877, 0, 6, 44
2026/07/13 20:39:34.459, 1, ${V100_GPU_1_UUID}, 49.77, 150.00, 1530, 877, 0, 6, 44
2026/07/13 20:39:34.660, 1, ${V100_GPU_1_UUID}, 41.58, 150.00, 1320, 877, 0, 6, 43
2026/07/13 20:39:34.862, 1, ${V100_GPU_1_UUID}, 39.17, 150.00, 1320, 877, 0, 6, 43
2026/07/13 20:39:35.064, 1, ${V100_GPU_1_UUID}, 38.68, 150.00, 1320, 877, 0, 6, 43
^C
